{
  "hash": "aa4c88b6",
  "configHash": "60659c84",
  "lockfileHash": "be6f7d26",
  "browserHash": "bfac3877",
  "optimized": {
    "@angular/core": {
      "src": "../../../../../node_modules/@angular/core/fesm2022/core.mjs",
      "file": "@angular_core.js",
      "fileHash": "835766b5",
      "needsInterop": false
    },
    "@angular/platform-browser": {
      "src": "../../../../../node_modules/@angular/platform-browser/fesm2022/platform-browser.mjs",
      "file": "@angular_platform-browser.js",
      "fileHash": "181a9cf3",
      "needsInterop": false
    },
    "@angular/router": {
      "src": "../../../../../node_modules/@angular/router/fesm2022/router.mjs",
      "file": "@angular_router.js",
      "fileHash": "b8d7eb56",
      "needsInterop": false
    }
  },
  "chunks": {
    "chunk-2WPYQJ2V": {
      "file": "chunk-2WPYQJ2V.js"
    },
    "chunk-LRQ54M6E": {
      "file": "chunk-LRQ54M6E.js"
    }
  }
}